,Score,FGM,FGA,FGM3,FGA3,FTM,FTA,OR,DR,Ast,TO,Stl,Blk,TPF
1101,70.66666666666667,25.51851851851852,56.48148148148148,6.481481481481482,19.962962962962962,13.148148148148149,18.666666666666668,9.037037037037036,23.22222222222222,13.88888888888889,14.407407407407407,7.148148148148148,3.6296296296296298,21.037037037037038
1102,66.6896551724138,22.75862068965517,56.10344827586207,7.931034482758621,24.413793103448278,13.241379310344827,17.93103448275862,9.827586206896552,22.689655172413794,13.89655172413793,12.758620689655173,6.448275862068965,2.6206896551724137,18.137931034482758
1103,71.29032258064517,24.677419354838708,57.064516129032256,9.451612903225806,26.64516129032258,12.483870967741936,17.93548387096774,9.580645161290322,23.483870967741936,12.935483870967742,13.838709677419354,5.967741935483871,2.3870967741935485,20.032258064516128
1104,72.3529411764706,25.294117647058822,55.205882352941174,6.382352941176471,19.676470588235293,15.382352941176471,22.88235294117647,10.029411764705882,26.264705882352942,12.529411764705882,14.147058823529411,6.411764705882353,5.470588235294118,19.0
1105,60.41935483870968,21.70967741935484,54.70967741935484,5.870967741935484,19.387096774193548,11.129032258064516,17.193548387096776,10.806451612903226,22.93548387096774,10.96774193548387,16.580645161290324,3.967741935483871,1.5806451612903225,16.322580645161292
1106,68.6774193548387,24.225806451612904,59.29032258064516,6.741935483870968,20.580645161290324,13.483870967741936,20.870967741935484,12.709677419354838,23.774193548387096,10.096774193548388,14.096774193548388,5.451612903225806,4.193548387096774,20.903225806451612
1107,73.3225806451613,25.870967741935484,56.903225806451616,5.709677419354839,15.516129032258064,15.870967741935484,21.032258064516128,11.612903225806452,25.258064516129032,12.516129032258064,11.741935483870968,4.709677419354839,2.935483870967742,16.258064516129032
1108,67.57142857142857,23.5,55.785714285714285,6.964285714285714,20.892857142857142,13.607142857142858,18.821428571428573,9.428571428571429,23.714285714285715,11.785714285714286,14.571428571428571,5.821428571428571,2.7142857142857144,19.535714285714285
1110,65.36666666666666,23.266666666666666,53.833333333333336,7.966666666666667,23.633333333333333,10.866666666666667,16.366666666666667,8.066666666666666,20.9,12.233333333333333,13.766666666666667,7.233333333333333,3.2666666666666666,18.366666666666667
1111,73.87096774193549,25.35483870967742,59.38709677419355,8.516129032258064,25.580645161290324,14.64516129032258,21.870967741935484,11.193548387096774,26.258064516129032,11.870967741935484,13.516129032258064,5.451612903225806,3.3225806451612905,18.903225806451612
1112,80.88235294117646,28.823529411764707,57.029411764705884,6.911764705882353,18.352941176470587,16.323529411764707,21.470588235294116,10.029411764705882,26.61764705882353,15.235294117647058,12.294117647058824,4.970588235294118,4.5588235294117645,17.5
1113,83.51612903225806,27.967741935483872,60.25806451612903,8.935483870967742,24.548387096774192,18.64516129032258,25.258064516129032,9.903225806451612,25.322580645161292,14.161290322580646,10.709677419354838,6.580645161290323,3.5806451612903225,18.93548387096774
1114,62.166666666666664,22.7,54.233333333333334,6.066666666666666,19.1,10.7,17.433333333333334,9.9,23.833333333333332,11.566666666666666,14.666666666666666,4.633333333333334,2.9,19.566666666666666
1115,65.91428571428571,23.285714285714285,53.22857142857143,6.2,18.857142857142858,13.142857142857142,19.457142857142856,7.9714285714285715,21.4,12.2,14.2,7.857142857142857,4.114285714285714,19.542857142857144
1116,81.08823529411765,28.970588235294116,60.6764705882353,7.794117647058823,19.441176470588236,15.352941176470589,22.647058823529413,10.176470588235293,24.58823529411765,14.470588235294118,11.0,6.235294117647059,4.617647058823529,20.205882352941178
1117,72.66666666666667,25.7,59.43333333333333,7.233333333333333,21.766666666666666,14.033333333333333,19.733333333333334,11.2,22.1,10.366666666666667,13.2,6.5,2.7333333333333334,18.533333333333335
1119,73.72413793103448,27.137931034482758,61.172413793103445,9.689655172413794,25.448275862068964,9.758620689655173,14.96551724137931,10.0,25.06896551724138,16.517241379310345,13.448275862068966,5.620689655172414,2.689655172413793,19.93103448275862
1120,83.375,27.125,61.78125,9.75,26.625,19.375,24.65625,12.125,26.03125,14.4375,12.25,7.4375,5.40625,19.875
1122,71.73333333333333,25.833333333333332,57.833333333333336,6.133333333333334,17.2,13.933333333333334,20.966666666666665,12.466666666666667,21.766666666666666,12.5,14.066666666666666,5.966666666666667,2.8666666666666667,20.033333333333335
1123,75.12903225806451,26.741935483870968,59.54838709677419,7.709677419354839,22.70967741935484,13.935483870967742,19.774193548387096,10.096774193548388,27.741935483870968,14.193548387096774,13.225806451612904,5.258064516129032,3.4193548387096775,17.387096774193548
1124,74.48387096774194,27.129032258064516,58.70967741935484,6.161290322580645,17.580645161290324,14.064516129032258,19.0,11.806451612903226,26.161290322580644,14.32258064516129,13.516129032258064,5.548387096774194,4.32258064516129,18.225806451612904
1125,77.63636363636364,27.303030303030305,56.15151515151515,11.454545454545455,30.454545454545453,11.575757575757576,15.666666666666666,7.818181818181818,26.515151515151516,16.03030303030303,12.424242424242424,4.878787878787879,2.484848484848485,16.09090909090909
1126,80.6,27.533333333333335,63.03333333333333,7.3,23.366666666666667,18.233333333333334,25.966666666666665,13.0,28.333333333333332,15.1,15.866666666666667,6.133333333333334,3.7333333333333334,21.166666666666668
1127,66.79310344827586,24.310344827586206,56.41379310344828,7.413793103448276,21.275862068965516,10.758620689655173,16.896551724137932,9.137931034482758,24.82758620689655,11.310344827586206,12.344827586206897,5.206896551724138,4.068965517241379,17.275862068965516
1129,77.46666666666667,27.366666666666667,59.166666666666664,9.4,24.8,13.333333333333334,18.066666666666666,9.866666666666667,28.4,13.133333333333333,13.4,5.533333333333333,2.1333333333333333,17.733333333333334
1130,76.79411764705883,27.147058823529413,60.0,8.647058823529411,23.88235294117647,13.852941176470589,18.735294117647058,10.558823529411764,26.558823529411764,14.264705882352942,12.705882352941176,5.029411764705882,3.176470588235294,16.294117647058822
1131,70.1,25.633333333333333,55.43333333333333,7.233333333333333,19.4,11.6,18.2,9.433333333333334,23.633333333333333,13.266666666666667,13.8,7.433333333333334,3.2,17.066666666666666
1132,74.1,25.2,61.0,7.3,21.3,16.4,22.3,11.566666666666666,26.533333333333335,12.766666666666667,12.8,5.7,2.6333333333333333,17.866666666666667
1133,67.0,23.0,53.71875,6.5625,18.40625,14.4375,20.28125,10.59375,24.65625,13.25,13.21875,6.375,4.0,18.96875
1135,75.92307692307692,25.5,59.73076923076923,6.884615384615385,21.423076923076923,18.03846153846154,24.115384615384617,11.0,24.923076923076923,12.5,13.615384615384615,6.384615384615385,2.923076923076923,20.846153846153847
1136,69.96774193548387,24.870967741935484,60.67741935483871,8.35483870967742,24.35483870967742,11.870967741935484,16.838709677419356,10.064516129032258,22.193548387096776,13.451612903225806,12.935483870967742,6.129032258064516,1.3870967741935485,19.387096774193548
1137,81.1470588235294,27.705882352941178,58.6764705882353,7.911764705882353,23.058823529411764,17.823529411764707,24.823529411764707,9.352941176470589,27.5,14.470588235294118,12.617647058823529,5.617647058823529,4.4411764705882355,18.58823529411765
1138,84.6969696969697,30.696969696969695,64.78787878787878,9.636363636363637,25.90909090909091,13.666666666666666,19.636363636363637,12.030303030303031,26.818181818181817,16.757575757575758,12.393939393939394,6.212121212121212,4.333333333333333,21.151515151515152
1139,79.12121212121212,29.21212121212121,61.84848484848485,8.181818181818182,23.0,12.515151515151516,16.242424242424242,9.212121212121213,24.78787878787879,14.0,11.181818181818182,6.7272727272727275,2.9393939393939394,18.242424242424242
1140,74.02941176470588,26.029411764705884,53.794117647058826,6.4411764705882355,18.294117647058822,15.529411764705882,20.61764705882353,6.823529411764706,25.705882352941178,15.294117647058824,11.558823529411764,6.411764705882353,3.764705882352941,16.823529411764707
1141,75.66666666666667,25.033333333333335,59.03333333333333,9.033333333333333,26.9,16.566666666666666,20.633333333333333,11.133333333333333,24.433333333333334,12.633333333333333,12.066666666666666,5.966666666666667,3.2666666666666666,16.733333333333334
1142,66.65517241379311,22.862068965517242,58.41379310344828,8.689655172413794,24.20689655172414,12.241379310344827,15.586206896551724,9.03448275862069,23.448275862068964,11.827586206896552,11.931034482758621,4.758620689655173,3.9310344827586206,18.655172413793103
1143,67.54838709677419,23.838709677419356,58.74193548387097,4.612903225806452,16.129032258064516,15.258064516129032,22.387096774193548,13.258064516129032,22.35483870967742,9.903225806451612,14.774193548387096,6.870967741935484,4.806451612903226,20.258064516129032
1144,73.35714285714286,25.178571428571427,54.642857142857146,8.821428571428571,23.428571428571427,14.178571428571429,18.607142857142858,6.785714285714286,24.928571428571427,13.25,12.107142857142858,6.357142857142857,3.8214285714285716,17.178571428571427
1145,76.28125,27.4375,58.78125,9.28125,26.40625,12.125,17.03125,10.21875,23.40625,16.9375,13.1875,6.8125,2.90625,18.84375
1146,80.28125,27.59375,61.15625,8.375,23.0625,16.71875,22.6875,9.96875,25.875,15.96875,13.90625,6.59375,4.96875,19.9375
1148,67.84375,24.625,54.375,6.1875,18.78125,12.40625,17.75,10.03125,25.28125,12.40625,14.78125,5.03125,3.34375,17.15625
1149,68.75,24.535714285714285,56.892857142857146,6.642857142857143,20.392857142857142,13.035714285714286,17.785714285714285,10.678571428571429,22.607142857142858,11.142857142857142,13.214285714285714,6.642857142857143,3.3214285714285716,16.75
1150,69.64285714285714,23.714285714285715,55.964285714285715,6.678571428571429,19.321428571428573,15.535714285714286,21.75,9.321428571428571,24.535714285714285,10.607142857142858,14.857142857142858,5.5,2.0714285714285716,17.892857142857142
1151,67.74193548387096,23.161290322580644,54.29032258064516,8.096774193548388,23.258064516129032,13.32258064516129,18.774193548387096,9.193548387096774,22.612903225806452,12.129032258064516,14.096774193548388,5.129032258064516,2.161290322580645,15.419354838709678
1152,65.23333333333333,23.2,58.06666666666667,5.4,17.2,13.433333333333334,18.366666666666667,9.533333333333333,21.7,10.6,15.233333333333333,6.666666666666667,2.3333333333333335,21.633333333333333
1153,74.47058823529412,26.264705882352942,58.0,7.294117647058823,20.441176470588236,14.647058823529411,21.323529411764707,13.058823529411764,25.852941176470587,15.970588235294118,11.470588235294118,7.294117647058823,5.529411764705882,15.823529411764707
1154,79.44827586206897,26.379310344827587,65.65517241379311,11.689655172413794,35.0,15.0,21.448275862068964,11.689655172413794,24.620689655172413,15.413793103448276,14.758620689655173,8.344827586206897,2.9310344827586206,18.551724137931036
1155,73.28125,25.28125,55.8125,8.3125,22.6875,14.40625,19.03125,8.96875,26.5,13.1875,12.09375,5.6875,4.84375,16.0
1156,68.02941176470588,24.11764705882353,55.76470588235294,8.235294117647058,24.235294117647058,11.558823529411764,16.41176470588235,7.5588235294117645,22.794117647058822,12.911764705882353,13.117647058823529,6.235294117647059,2.4705882352941178,17.058823529411764
1157,70.44827586206897,23.96551724137931,55.86206896551724,6.793103448275862,20.413793103448278,15.724137931034482,21.655172413793103,11.931034482758621,25.344827586206897,12.931034482758621,15.275862068965518,5.275862068965517,3.3793103448275863,19.655172413793103
1158,75.19354838709677,25.870967741935484,56.16129032258065,7.580645161290323,20.838709677419356,15.870967741935484,20.677419354838708,8.35483870967742,24.451612903225808,11.064516129032258,9.870967741935484,5.354838709677419,3.6774193548387095,16.64516129032258
1159,71.70967741935483,24.838709677419356,56.96774193548387,9.419354838709678,25.93548387096774,12.612903225806452,16.451612903225808,8.870967741935484,23.193548387096776,12.709677419354838,11.0,6.129032258064516,3.2580645161290325,16.387096774193548
1160,72.09375,25.3125,57.46875,7.53125,21.0,13.9375,19.125,10.125,27.375,12.78125,14.09375,4.375,3.8125,19.40625
1161,71.83870967741936,25.096774193548388,60.225806451612904,7.0,21.225806451612904,14.64516129032258,20.35483870967742,11.612903225806452,25.774193548387096,12.612903225806452,13.548387096774194,5.870967741935484,3.096774193548387,19.612903225806452
1162,75.96153846153847,27.46153846153846,61.80769230769231,9.846153846153847,26.5,11.192307692307692,15.115384615384615,9.923076923076923,24.884615384615383,13.923076923076923,12.73076923076923,6.5,3.423076923076923,18.884615384615383
1163,68.15625,23.8125,57.25,6.71875,20.59375,13.8125,18.53125,10.5,23.84375,10.4375,12.59375,5.9375,3.71875,18.5
1164,60.78125,20.53125,57.0,8.28125,27.15625,11.4375,15.53125,8.53125,25.25,10.5625,14.4375,5.375,2.5625,20.34375
1165,75.22222222222223,26.444444444444443,57.55555555555556,7.555555555555555,22.59259259259259,14.777777777777779,20.22222222222222,8.37037037037037,25.62962962962963,15.777777777777779,13.333333333333334,5.074074074074074,3.2222222222222223,17.77777777777778
1166,83.96774193548387,30.548387096774192,61.58064516129032,10.35483870967742,27.516129032258064,12.516129032258064,16.70967741935484,7.193548387096774,28.70967741935484,17.838709677419356,11.35483870967742,5.483870967741935,2.4516129032258065,15.32258064516129
1167,64.22222222222223,22.555555555555557,54.96296296296296,6.037037037037037,20.22222222222222,13.074074074074074,19.11111111111111,10.851851851851851,24.11111111111111,12.407407407407407,13.88888888888889,5.62962962962963,2.7037037037037037,20.814814814814813
1168,72.65517241379311,24.82758620689655,52.6551724137931,5.137931034482759,14.96551724137931,17.862068965517242,24.24137931034483,8.310344827586206,25.586206896551722,12.379310344827585,14.482758620689655,6.413793103448276,3.3448275862068964,18.24137931034483
1169,64.78571428571429,23.821428571428573,56.035714285714285,5.857142857142857,16.892857142857142,11.285714285714286,15.857142857142858,8.0,22.607142857142858,11.678571428571429,12.321428571428571,4.857142857142857,2.5,17.821428571428573
1170,66.2,24.566666666666666,56.5,6.266666666666667,18.133333333333333,10.8,15.733333333333333,8.366666666666667,23.4,12.7,12.0,5.266666666666667,3.3666666666666667,18.133333333333333
1171,67.8076923076923,23.96153846153846,53.80769230769231,7.346153846153846,20.384615384615383,12.538461538461538,17.653846153846153,7.8076923076923075,23.23076923076923,13.076923076923077,13.615384615384615,5.538461538461538,3.1923076923076925,15.884615384615385
1172,76.4375,27.34375,56.65625,10.6875,27.3125,11.0625,13.875,6.90625,25.90625,16.84375,9.5625,4.78125,1.96875,15.03125
1173,72.38709677419355,25.93548387096774,53.903225806451616,8.0,23.741935483870968,12.516129032258064,17.129032258064516,7.741935483870968,23.483870967741936,15.741935483870968,13.741935483870968,5.225806451612903,2.5161290322580645,16.483870967741936
1174,69.58064516129032,25.451612903225808,56.483870967741936,5.870967741935484,17.838709677419356,12.806451612903226,19.419354838709676,9.096774193548388,25.161290322580644,11.225806451612904,10.580645161290322,4.709677419354839,2.225806451612903,16.70967741935484
1175,63.166666666666664,23.066666666666666,55.2,6.066666666666666,18.3,10.966666666666667,15.733333333333333,10.1,22.533333333333335,10.6,15.4,5.533333333333333,2.533333333333333,17.6
1176,71.25,25.75,55.785714285714285,6.964285714285714,17.642857142857142,12.785714285714286,18.321428571428573,10.107142857142858,25.928571428571427,14.25,15.107142857142858,4.071428571428571,2.142857142857143,18.964285714285715
1177,71.93548387096774,26.419354838709676,61.74193548387097,6.258064516129032,20.193548387096776,12.838709677419354,18.129032258064516,12.35483870967742,25.06451612903226,15.0,13.870967741935484,6.451612903225806,3.032258064516129,17.838709677419356
1178,76.0,26.4,62.333333333333336,8.4,25.2,14.8,19.4,10.233333333333333,23.966666666666665,12.666666666666666,13.633333333333333,6.033333333333333,2.5,20.2
1179,72.6774193548387,25.129032258064516,57.806451612903224,8.451612903225806,23.35483870967742,13.96774193548387,18.193548387096776,8.129032258064516,25.29032258064516,14.903225806451612,12.0,5.741935483870968,2.4838709677419355,15.580645161290322
1180,73.71875,26.5625,60.46875,6.78125,21.09375,13.8125,19.21875,11.25,25.0625,11.34375,12.28125,5.28125,4.15625,17.53125
1181,84.6969696969697,30.545454545454547,61.93939393939394,8.303030303030303,21.96969696969697,15.303030303030303,21.606060606060606,13.545454545454545,28.333333333333332,17.515151515151516,12.606060606060606,7.515151515151516,5.363636363636363,15.636363636363637
1182,72.40625,25.03125,58.5625,8.15625,23.28125,14.1875,20.71875,12.09375,23.8125,11.9375,11.96875,5.8125,4.375,18.75
1183,65.34482758620689,22.93103448275862,55.58620689655172,7.137931034482759,20.20689655172414,12.344827586206897,17.896551724137932,10.689655172413794,23.310344827586206,11.89655172413793,13.620689655172415,5.620689655172414,4.206896551724138,16.620689655172413
1184,70.13793103448276,24.517241379310345,56.41379310344828,7.206896551724138,20.517241379310345,13.89655172413793,18.82758620689655,9.310344827586206,22.482758620689655,12.620689655172415,13.275862068965518,6.379310344827586,3.4482758620689653,17.586206896551722
1185,69.93103448275862,25.862068965517242,56.310344827586206,6.275862068965517,18.75862068965517,11.931034482758621,17.17241379310345,10.137931034482758,24.275862068965516,12.137931034482758,12.620689655172415,8.068965517241379,5.9655172413793105,16.79310344827586
1186,74.3125,26.5,56.84375,9.0,23.3125,12.3125,16.0625,7.0,25.78125,12.5,11.71875,5.1875,3.0,19.0625
1187,66.43333333333334,24.7,57.43333333333333,6.066666666666666,19.9,10.966666666666667,16.466666666666665,9.733333333333333,24.266666666666666,12.933333333333334,14.366666666666667,4.933333333333334,3.1,17.666666666666668
1188,69.66666666666667,24.466666666666665,58.63333333333333,7.066666666666666,21.8,13.666666666666666,19.333333333333332,10.8,23.333333333333332,12.433333333333334,13.633333333333333,4.8,2.7333333333333334,21.5
1189,72.2,25.9,59.4,10.333333333333334,29.766666666666666,10.066666666666666,14.266666666666667,7.733333333333333,27.033333333333335,15.733333333333333,11.666666666666666,4.166666666666667,2.033333333333333,15.766666666666667
1190,74.3125,26.875,56.625,7.1875,20.6875,13.375,18.75,9.875,26.53125,14.46875,13.625,7.25,4.34375,18.4375
1191,63.9,22.233333333333334,51.36666666666667,5.6,14.033333333333333,13.833333333333334,17.666666666666668,7.466666666666667,25.0,12.533333333333333,13.8,6.1,2.8333333333333335,18.3
1192,72.6896551724138,26.310344827586206,59.58620689655172,6.758620689655173,19.93103448275862,13.310344827586206,18.344827586206897,10.827586206896552,22.896551724137932,12.689655172413794,13.655172413793103,6.517241379310345,3.0,18.310344827586206
1193,75.93939393939394,26.696969696969695,60.878787878787875,9.181818181818182,27.060606060606062,13.363636363636363,18.818181818181817,9.06060606060606,25.818181818181817,14.757575757575758,12.757575757575758,6.393939393939394,2.878787878787879,20.09090909090909
1194,66.67857142857143,24.035714285714285,61.142857142857146,5.535714285714286,17.392857142857142,13.071428571428571,17.714285714285715,11.392857142857142,26.535714285714285,11.571428571428571,12.892857142857142,5.25,3.9642857142857144,18.428571428571427
1195,81.48387096774194,29.70967741935484,59.903225806451616,7.129032258064516,19.096774193548388,14.935483870967742,20.06451612903226,10.451612903225806,27.161290322580644,14.774193548387096,14.193548387096774,7.032258064516129,2.7096774193548385,18.580645161290324
1196,76.0625,26.28125,60.53125,9.125,24.3125,14.375,20.0,10.78125,24.34375,12.96875,9.8125,6.90625,4.71875,17.25
1197,68.66666666666667,24.333333333333332,58.21212121212121,6.333333333333333,18.03030303030303,13.666666666666666,18.666666666666668,10.151515151515152,21.87878787878788,10.878787878787879,13.818181818181818,5.606060606060606,3.1515151515151514,18.12121212121212
1198,70.20689655172414,25.310344827586206,60.10344827586207,6.068965517241379,19.379310344827587,13.517241379310345,21.93103448275862,10.206896551724139,26.103448275862068,11.551724137931034,11.206896551724139,7.413793103448276,3.1724137931034484,18.275862068965516
1199,81.7741935483871,29.258064516129032,61.70967741935484,8.0,22.774193548387096,15.258064516129032,22.29032258064516,11.709677419354838,26.322580645161292,15.258064516129032,13.0,6.709677419354839,5.161290322580645,18.29032258064516
1200,62.29032258064516,22.322580645161292,54.193548387096776,7.32258064516129,25.387096774193548,10.32258064516129,14.580645161290322,6.419354838709677,22.096774193548388,13.516129032258064,12.451612903225806,9.129032258064516,2.3870967741935485,15.838709677419354
1201,75.66666666666667,27.0,55.666666666666664,6.633333333333334,17.0,15.033333333333333,21.4,8.6,24.666666666666668,12.433333333333334,12.0,6.433333333333334,3.2666666666666666,19.733333333333334
1202,77.90322580645162,28.0,60.03225806451613,9.96774193548387,28.258064516129032,11.935483870967742,16.903225806451612,9.32258064516129,24.70967741935484,15.580645161290322,11.612903225806452,7.870967741935484,2.161290322580645,16.451612903225808
1203,67.42424242424242,25.21212121212121,56.39393939393939,5.454545454545454,17.0,11.545454545454545,16.272727272727273,10.606060606060606,23.333333333333332,13.333333333333334,12.757575757575758,5.7272727272727275,4.9393939393939394,14.727272727272727
1204,73.7741935483871,25.419354838709676,59.67741935483871,7.838709677419355,23.322580645161292,15.096774193548388,22.806451612903224,11.709677419354838,25.096774193548388,9.612903225806452,11.290322580645162,6.516129032258065,3.5161290322580645,19.322580645161292
1205,67.03448275862068,24.310344827586206,56.44827586206897,6.827586206896552,20.06896551724138,11.586206896551724,15.793103448275861,8.758620689655173,25.655172413793103,11.89655172413793,13.931034482758621,5.241379310344827,2.6551724137931036,18.448275862068964
1206,71.84848484848484,25.484848484848484,59.06060606060606,6.96969696969697,21.363636363636363,13.909090909090908,18.757575757575758,9.969696969696969,26.78787878787879,11.454545454545455,12.878787878787879,6.0606060606060606,2.909090909090909,16.393939393939394
1207,78.33333333333333,26.666666666666668,58.766666666666666,7.533333333333333,20.6,17.466666666666665,22.533333333333335,10.9,27.466666666666665,17.4,15.266666666666667,5.466666666666667,3.6666666666666665,17.7
1208,68.0909090909091,23.242424242424242,55.303030303030305,6.090909090909091,19.151515151515152,15.515151515151516,22.181818181818183,12.303030303030303,27.12121212121212,12.181818181818182,12.727272727272727,3.8181818181818183,4.7272727272727275,16.151515151515152
1209,74.40625,26.40625,57.375,9.21875,23.59375,12.375,18.125,8.65625,24.84375,12.8125,11.46875,7.15625,4.46875,18.5625
1210,65.65625,23.53125,55.3125,4.875,15.3125,13.71875,19.25,10.4375,23.4375,12.78125,12.84375,6.90625,5.34375,16.65625
1211,84.5,30.852941176470587,61.3235294117647,9.088235294117647,24.294117647058822,13.705882352941176,18.970588235294116,11.058823529411764,28.852941176470587,15.735294117647058,11.294117647058824,6.4411764705882355,3.7058823529411766,17.058823529411764
1212,71.53333333333333,24.733333333333334,59.6,4.9,15.033333333333333,17.166666666666668,24.266666666666666,12.233333333333333,26.433333333333334,10.833333333333334,15.533333333333333,7.666666666666667,3.533333333333333,21.666666666666668
1213,73.21875,24.78125,58.71875,7.3125,22.9375,16.34375,23.25,12.09375,26.9375,15.40625,13.4375,6.25,3.8125,20.5
1214,78.86666666666666,28.2,63.166666666666664,6.0,18.433333333333334,16.466666666666665,21.366666666666667,10.8,27.966666666666665,14.8,12.766666666666667,5.433333333333334,3.3,20.133333333333333
1216,70.12903225806451,25.096774193548388,55.32258064516129,8.064516129032258,23.677419354838708,11.870967741935484,17.387096774193548,8.290322580645162,25.0,12.838709677419354,12.258064516129032,6.032258064516129,3.870967741935484,18.322580645161292
1217,68.3,24.033333333333335,55.7,8.166666666666666,23.033333333333335,12.066666666666666,15.3,8.666666666666666,26.033333333333335,12.833333333333334,13.633333333333333,5.1,3.8,17.766666666666666
1218,69.10714285714286,23.678571428571427,53.92857142857143,6.607142857142857,20.357142857142858,15.142857142857142,21.964285714285715,8.678571428571429,24.285714285714285,14.0,13.571428571428571,5.392857142857143,2.0,19.75
1219,67.66666666666667,24.444444444444443,55.22222222222222,5.555555555555555,15.481481481481481,13.222222222222221,18.814814814814813,10.481481481481481,23.296296296296298,11.0,12.666666666666666,6.555555555555555,2.5185185185185186,18.62962962962963
1220,78.56666666666666,27.7,59.86666666666667,8.3,22.233333333333334,14.866666666666667,21.866666666666667,10.8,24.466666666666665,13.133333333333333,10.966666666666667,4.833333333333333,2.6,18.7
1221,63.61290322580645,23.35483870967742,50.61290322580645,6.548387096774194,20.096774193548388,10.35483870967742,15.0,5.741935483870968,22.64516129032258,13.580645161290322,12.290322580645162,6.225806451612903,3.3870967741935485,17.322580645161292
1222,77.42424242424242,27.575757575757574,59.18181818181818,8.636363636363637,22.333333333333332,13.636363636363637,19.03030303030303,11.848484848484848,26.727272727272727,14.909090909090908,12.151515151515152,6.424242424242424,3.121212121212121,21.03030303030303
1223,74.21428571428571,26.321428571428573,65.07142857142857,7.25,22.107142857142858,14.321428571428571,23.071428571428573,14.821428571428571,23.25,12.75,14.25,6.357142857142857,2.5357142857142856,20.25
1224,73.93548387096774,25.548387096774192,60.645161290322584,8.129032258064516,23.322580645161292,14.709677419354838,20.93548387096774,11.193548387096774,23.677419354838708,12.096774193548388,13.129032258064516,5.161290322580645,2.5483870967741935,20.580645161290324
1225,74.34482758620689,26.344827586206897,56.48275862068966,9.068965517241379,22.103448275862068,12.586206896551724,17.17241379310345,9.931034482758621,26.275862068965516,14.655172413793103,13.172413793103448,4.172413793103448,2.413793103448276,17.724137931034484
1226,73.07142857142857,25.892857142857142,54.714285714285715,8.392857142857142,21.321428571428573,12.892857142857142,18.892857142857142,6.321428571428571,24.642857142857142,11.785714285714286,13.0,5.678571428571429,2.3214285714285716,17.678571428571427
1227,74.76666666666667,26.333333333333332,58.733333333333334,6.733333333333333,19.466666666666665,15.366666666666667,21.2,10.433333333333334,27.533333333333335,12.8,15.4,6.866666666666666,6.833333333333333,19.533333333333335
1228,75.16129032258064,26.580645161290324,60.67741935483871,7.290322580645161,21.967741935483872,14.709677419354838,20.06451612903226,12.35483870967742,20.483870967741936,13.64516129032258,13.387096774193548,7.32258064516129,2.161290322580645,22.548387096774192
1229,71.1875,24.375,57.90625,8.96875,26.6875,13.46875,19.59375,9.625,25.71875,14.0,13.40625,6.53125,4.03125,20.625
1230,67.45833333333333,22.458333333333332,53.583333333333336,6.041666666666667,17.458333333333332,16.5,22.041666666666668,9.166666666666666,23.625,10.5,16.583333333333332,5.25,4.541666666666667,18.875
1231,71.90322580645162,26.0,57.0,6.258064516129032,19.419354838709676,13.64516129032258,20.774193548387096,11.129032258064516,24.322580645161292,14.03225806451613,12.451612903225806,6.419354838709677,4.32258064516129,18.129032258064516
1232,72.20689655172414,24.586206896551722,58.51724137931034,8.758620689655173,24.448275862068964,14.275862068965518,19.93103448275862,10.275862068965518,25.862068965517242,11.655172413793103,14.482758620689655,7.482758620689655,3.3448275862068964,20.0
1233,79.84848484848484,28.242424242424242,61.121212121212125,9.666666666666666,24.90909090909091,13.696969696969697,18.545454545454547,8.515151515151516,25.303030303030305,15.93939393939394,11.666666666666666,6.787878787878788,3.0606060606060606,17.303030303030305
1234,79.6969696969697,28.666666666666668,59.84848484848485,7.636363636363637,20.363636363636363,14.727272727272727,21.181818181818183,11.848484848484848,26.272727272727273,18.242424242424242,13.363636363636363,5.212121212121212,4.0606060606060606,16.696969696969695
1235,72.83870967741936,26.35483870967742,60.32258064516129,7.548387096774194,21.06451612903226,12.580645161290322,17.967741935483872,10.903225806451612,25.774193548387096,13.64516129032258,11.903225806451612,4.806451612903226,4.161290322580645,16.387096774193548
1236,79.39285714285714,27.5,62.107142857142854,10.285714285714286,27.928571428571427,14.107142857142858,19.821428571428573,9.642857142857142,24.714285714285715,13.964285714285714,11.714285714285714,7.75,3.392857142857143,16.75
1237,67.32142857142857,23.857142857142858,57.107142857142854,7.142857142857143,20.107142857142858,12.464285714285714,18.785714285714285,11.642857142857142,21.642857142857142,12.428571428571429,14.071428571428571,6.75,3.2142857142857144,18.714285714285715
1238,61.56666666666667,22.133333333333333,60.06666666666667,7.433333333333334,22.633333333333333,9.866666666666667,14.933333333333334,12.433333333333334,21.133333333333333,10.766666666666667,11.4,6.766666666666667,2.7333333333333334,20.466666666666665
1239,70.41379310344827,26.413793103448278,59.827586206896555,5.793103448275862,17.551724137931036,11.793103448275861,17.96551724137931,9.517241379310345,25.137931034482758,12.241379310344827,13.96551724137931,5.931034482758621,3.5517241379310347,16.482758620689655
1240,70.59375,26.46875,57.875,5.5625,17.375,12.09375,17.25,11.375,26.1875,15.125,12.875,5.96875,5.0,17.53125
1241,72.93548387096774,25.29032258064516,60.32258064516129,7.258064516129032,21.64516129032258,15.096774193548388,20.580645161290324,10.935483870967742,24.35483870967742,12.258064516129032,11.709677419354838,6.935483870967742,3.2580645161290325,21.129032258064516
1242,81.5,30.11764705882353,60.529411764705884,10.147058823529411,25.205882352941178,11.117647058823529,15.882352941176471,9.558823529411764,25.647058823529413,17.0,11.676470588235293,6.617647058823529,4.176470588235294,15.294117647058824
1243,72.36363636363636,25.87878787878788,54.878787878787875,6.9393939393939394,20.181818181818183,13.666666666666666,18.393939393939394,8.181818181818182,22.393939393939394,14.333333333333334,11.454545454545455,7.787878787878788,3.0,18.393939393939394
1244,71.67857142857143,26.178571428571427,58.42857142857143,5.214285714285714,14.142857142857142,14.107142857142858,20.392857142857142,10.142857142857142,22.0,14.392857142857142,13.785714285714286,7.071428571428571,3.0357142857142856,18.321428571428573
1245,72.48484848484848,25.424242424242426,59.90909090909091,7.424242424242424,22.90909090909091,14.212121212121213,19.424242424242426,11.333333333333334,24.151515151515152,11.545454545454545,13.212121212121213,5.909090909090909,3.5454545454545454,18.90909090909091
1246,76.73529411764706,27.058823529411764,57.588235294117645,5.4411764705882355,15.088235294117647,17.176470588235293,24.647058823529413,12.088235294117647,26.5,13.411764705882353,13.029411764705882,5.617647058823529,4.882352941176471,18.88235294117647
1247,72.90625,25.53125,59.53125,7.3125,22.1875,14.53125,18.46875,9.15625,25.96875,12.8125,11.6875,5.90625,2.8125,17.09375
1248,70.83333333333333,25.066666666666666,54.96666666666667,8.5,22.733333333333334,12.2,15.833333333333334,6.7,26.233333333333334,12.466666666666667,13.3,4.166666666666667,3.2,16.533333333333335
1249,73.25,25.428571428571427,60.107142857142854,7.607142857142857,22.035714285714285,14.785714285714286,22.035714285714285,12.357142857142858,23.892857142857142,12.821428571428571,12.75,7.714285714285714,2.142857142857143,19.892857142857142
1250,77.27586206896552,27.620689655172413,61.41379310344828,9.758620689655173,24.0,12.275862068965518,15.862068965517242,8.89655172413793,26.75862068965517,14.03448275862069,12.655172413793103,5.9655172413793105,1.793103448275862,18.482758620689655
1251,69.09677419354838,23.35483870967742,51.54838709677419,7.967741935483871,21.677419354838708,14.419354838709678,18.032258064516128,6.838709677419355,25.580645161290324,13.483870967741936,12.03225806451613,5.387096774193548,2.193548387096774,17.225806451612904
1252,80.86206896551724,27.517241379310345,60.48275862068966,7.758620689655173,23.517241379310345,18.06896551724138,24.93103448275862,10.137931034482758,27.517241379310345,14.931034482758621,15.620689655172415,6.310344827586207,2.896551724137931,20.275862068965516
1253,74.61290322580645,25.870967741935484,57.96774193548387,5.838709677419355,16.64516129032258,17.032258064516128,23.35483870967742,11.451612903225806,24.129032258064516,12.225806451612904,15.096774193548388,6.709677419354839,3.4516129032258065,18.29032258064516
1254,76.6969696969697,26.575757575757574,58.36363636363637,7.909090909090909,22.696969696969695,15.636363636363637,22.454545454545453,10.515151515151516,27.03030303030303,12.333333333333334,14.121212121212121,5.575757575757576,3.1515151515151514,19.636363636363637
1255,61.2,21.066666666666666,52.4,6.466666666666667,20.5,12.6,18.5,7.8,24.1,9.466666666666667,15.9,6.333333333333333,3.033333333333333,17.6
1256,72.58064516129032,24.580645161290324,56.516129032258064,8.419354838709678,22.967741935483872,15.0,20.612903225806452,9.548387096774194,24.612903225806452,13.903225806451612,12.290322580645162,5.612903225806452,3.838709677419355,17.258064516129032
1257,76.21212121212122,27.181818181818183,59.72727272727273,7.757575757575758,20.939393939393938,14.090909090909092,19.12121212121212,10.090909090909092,26.818181818181817,13.606060606060606,11.848484848484848,7.0,6.181818181818182,16.454545454545453
1258,71.3,25.633333333333333,58.43333333333333,6.5,18.733333333333334,13.533333333333333,18.933333333333334,12.066666666666666,19.966666666666665,13.9,13.0,7.066666666666666,2.3666666666666667,19.866666666666667
1259,68.56666666666666,25.433333333333334,58.46666666666667,5.033333333333333,16.066666666666666,12.666666666666666,19.466666666666665,10.6,23.533333333333335,11.2,13.3,6.966666666666667,2.966666666666667,20.066666666666666
1260,71.6875,26.0,51.34375,7.34375,18.34375,12.34375,17.03125,6.15625,25.71875,15.4375,12.375,6.65625,2.375,14.0
1261,77.54838709677419,27.774193548387096,58.45161290322581,8.258064516129032,23.419354838709676,13.741935483870968,18.774193548387096,9.774193548387096,23.677419354838708,14.258064516129032,11.516129032258064,7.580645161290323,3.225806451612903,17.870967741935484
1262,75.3103448275862,26.20689655172414,57.06896551724138,7.103448275862069,20.620689655172413,15.793103448275861,22.379310344827587,9.172413793103448,22.310344827586206,14.448275862068966,13.448275862068966,7.068965517241379,2.689655172413793,17.93103448275862
1263,65.36666666666666,23.433333333333334,58.233333333333334,6.733333333333333,22.766666666666666,11.766666666666667,17.0,9.5,25.266666666666666,11.3,15.766666666666667,6.233333333333333,2.966666666666667,19.7
1264,69.25806451612904,23.774193548387096,53.58064516129032,7.709677419354839,19.29032258064516,14.0,20.161290322580644,10.290322580645162,22.93548387096774,13.96774193548387,15.548387096774194,6.0,3.903225806451613,19.903225806451612
1265,72.2258064516129,24.548387096774192,55.16129032258065,9.03225806451613,25.870967741935484,14.096774193548388,19.741935483870968,7.516129032258065,26.032258064516128,11.903225806451612,15.741935483870968,4.193548387096774,2.4838709677419355,17.677419354838708
1266,81.1875,28.3125,59.78125,11.0625,26.65625,13.5,16.96875,9.0,23.21875,15.75,12.0625,6.15625,3.625,19.09375
1267,83.60606060606061,28.96969696969697,61.96969696969697,10.06060606060606,28.272727272727273,15.606060606060606,20.363636363636363,8.030303030303031,27.727272727272727,16.96969696969697,13.151515151515152,6.575757575757576,5.9393939393939394,17.363636363636363
1268,72.96774193548387,25.322580645161292,53.064516129032256,7.032258064516129,19.129032258064516,15.290322580645162,20.129032258064516,9.483870967741936,26.29032258064516,14.0,13.64516129032258,4.225806451612903,4.225806451612903,16.032258064516128
1269,71.93939393939394,26.09090909090909,58.121212121212125,8.878787878787879,22.181818181818183,10.878787878787879,14.575757575757576,9.090909090909092,23.757575757575758,15.303030303030303,12.818181818181818,4.818181818181818,2.9696969696969697,18.03030303030303
1270,72.44,25.88,60.12,6.96,20.12,13.72,19.68,10.96,26.36,10.48,13.76,4.76,4.48,17.84
1271,60.766666666666666,21.633333333333333,57.166666666666664,6.033333333333333,21.966666666666665,11.466666666666667,16.966666666666665,10.866666666666667,22.166666666666668,10.4,13.033333333333333,4.5,1.6666666666666667,16.833333333333332
1272,70.82352941176471,24.352941176470587,53.88235294117647,5.911764705882353,18.647058823529413,16.205882352941178,23.470588235294116,11.5,22.941176470588236,13.029411764705882,13.735294117647058,5.911764705882353,3.7941176470588234,17.176470588235293
1273,73.86666666666666,25.3,53.86666666666667,8.3,21.8,14.966666666666667,19.566666666666666,9.6,24.733333333333334,13.933333333333334,12.333333333333334,5.133333333333334,1.3333333333333333,17.4
1274,74.16129032258064,27.451612903225808,59.12903225806452,7.838709677419355,21.580645161290324,11.419354838709678,17.225806451612904,9.96774193548387,24.870967741935484,13.32258064516129,11.32258064516129,6.548387096774194,3.967741935483871,16.322580645161292
1275,68.70967741935483,24.64516129032258,58.225806451612904,8.483870967741936,25.741935483870968,10.935483870967742,15.96774193548387,9.741935483870968,25.903225806451612,12.387096774193548,13.580645161290322,7.516129032258065,2.3870967741935485,17.129032258064516
1276,73.6470588235294,26.647058823529413,57.23529411764706,8.970588235294118,24.705882352941178,11.382352941176471,17.323529411764707,8.647058823529411,24.676470588235293,14.588235294117647,9.176470588235293,6.176470588235294,3.088235294117647,15.705882352941176
1277,80.96969696969697,28.575757575757574,56.72727272727273,8.393939393939394,20.333333333333332,15.424242424242424,20.545454545454547,11.06060606060606,29.78787878787879,19.333333333333332,13.181818181818182,4.090909090909091,7.363636363636363,18.060606060606062
1278,75.15625,26.5625,61.59375,6.8125,19.6875,15.21875,21.625,11.59375,26.5625,14.59375,11.03125,5.65625,5.09375,15.46875
1279,75.8125,26.28125,62.46875,7.84375,24.625,15.40625,21.09375,12.34375,25.59375,14.625,11.40625,6.25,4.09375,19.03125
1280,73.0625,26.84375,57.8125,6.65625,21.75,12.71875,18.625,10.625,25.15625,13.0,13.3125,6.6875,5.28125,17.09375
1281,73.48387096774194,24.35483870967742,53.483870967741936,9.548387096774194,24.35483870967742,15.225806451612904,20.419354838709676,9.774193548387096,26.93548387096774,13.67741935483871,14.03225806451613,5.096774193548387,4.161290322580645,17.903225806451612
1282,68.20689655172414,22.724137931034484,56.758620689655174,8.793103448275861,26.24137931034483,13.96551724137931,19.551724137931036,7.862068965517241,22.862068965517242,10.448275862068966,13.03448275862069,5.689655172413793,2.586206896551724,21.655172413793103
1283,69.78125,25.5625,58.96875,7.0625,21.46875,11.59375,16.09375,11.78125,26.5625,12.71875,11.5625,4.5,3.90625,17.625
1284,75.35483870967742,25.387096774193548,55.41935483870968,7.193548387096774,18.516129032258064,17.387096774193548,24.451612903225808,8.903225806451612,27.06451612903226,12.870967741935484,15.290322580645162,6.354838709677419,2.3548387096774195,21.774193548387096
1285,78.06451612903226,28.0,59.483870967741936,5.516129032258065,16.161290322580644,16.548387096774192,23.129032258064516,11.935483870967742,25.451612903225808,12.806451612903226,12.35483870967742,7.774193548387097,3.3548387096774195,21.06451612903226
1286,74.23333333333333,24.733333333333334,59.733333333333334,7.666666666666667,22.7,17.1,23.266666666666666,11.1,24.433333333333334,11.933333333333334,12.366666666666667,5.4,2.033333333333333,20.1
1287,68.70370370370371,23.703703703703702,56.2962962962963,6.888888888888889,21.62962962962963,14.407407407407407,20.666666666666668,11.222222222222221,23.185185185185187,11.296296296296296,15.592592592592593,5.814814814814815,2.740740740740741,21.074074074074073
1288,73.06896551724138,25.413793103448278,60.793103448275865,4.9655172413793105,15.241379310344827,17.275862068965516,23.75862068965517,13.344827586206897,24.379310344827587,12.448275862068966,13.620689655172415,7.241379310344827,2.793103448275862,20.06896551724138
1290,64.84375,23.6875,61.84375,5.34375,17.75,12.125,17.96875,12.34375,23.21875,10.21875,13.1875,5.8125,1.75,20.5625
1291,71.7,25.066666666666666,55.46666666666667,9.833333333333334,26.333333333333332,11.733333333333333,16.133333333333333,6.7,21.666666666666668,13.9,10.933333333333334,6.8,3.933333333333333,15.1
1292,73.86666666666666,26.733333333333334,57.833333333333336,7.166666666666667,19.466666666666665,13.233333333333333,17.766666666666666,10.533333333333333,25.5,14.0,12.566666666666666,6.133333333333334,2.2,19.666666666666668
1293,77.37931034482759,26.896551724137932,56.3448275862069,8.379310344827585,22.379310344827587,15.206896551724139,20.896551724137932,10.517241379310345,26.275862068965516,14.344827586206897,11.724137931034482,6.586206896551724,3.0344827586206895,17.413793103448278
1294,79.03225806451613,28.258064516129032,60.96774193548387,8.387096774193548,23.903225806451612,14.129032258064516,20.225806451612904,9.67741935483871,27.387096774193548,11.483870967741936,12.548387096774194,4.741935483870968,3.5806451612903225,19.741935483870968
1295,72.24137931034483,25.24137931034483,55.41379310344828,9.03448275862069,24.517241379310345,12.724137931034482,16.862068965517242,7.448275862068965,26.275862068965516,12.517241379310345,12.655172413793103,4.310344827586207,2.2758620689655173,17.79310344827586
1296,71.46666666666667,26.133333333333333,58.0,5.166666666666667,15.866666666666667,14.033333333333333,19.166666666666668,9.833333333333334,24.3,8.866666666666667,11.766666666666667,6.333333333333333,1.6333333333333333,19.2
1297,76.65517241379311,27.689655172413794,58.206896551724135,7.9655172413793105,23.0,13.310344827586206,18.24137931034483,9.10344827586207,26.586206896551722,16.0,12.310344827586206,7.068965517241379,3.1724137931034484,18.344827586206897
1298,67.38709677419355,23.580645161290324,53.83870967741935,6.193548387096774,19.193548387096776,14.03225806451613,19.483870967741936,10.580645161290322,23.806451612903224,13.451612903225806,14.193548387096774,6.32258064516129,1.2580645161290323,17.516129032258064
1299,73.5,26.0,56.625,6.125,20.3125,15.375,21.53125,9.625,25.34375,14.875,13.875,5.78125,2.3125,18.0
1300,70.38709677419355,26.161290322580644,56.903225806451616,5.967741935483871,17.967741935483872,12.096774193548388,17.741935483870968,11.129032258064516,25.483870967741936,14.838709677419354,14.161290322580646,4.67741935483871,3.4193548387096775,19.483870967741936
1301,81.21875,29.28125,62.28125,7.875,21.15625,14.78125,21.125,12.1875,23.5,16.15625,12.1875,7.5,3.8125,18.15625
1303,74.96551724137932,27.482758620689655,61.41379310344828,8.068965517241379,22.517241379310345,11.931034482758621,16.75862068965517,8.931034482758621,23.862068965517242,12.689655172413794,13.275862068965518,5.275862068965517,2.689655172413793,16.379310344827587
1304,72.71875,24.90625,57.53125,7.0625,20.25,15.84375,22.09375,10.78125,25.5,13.625,11.15625,6.0625,5.59375,17.125
1305,83.08823529411765,28.323529411764707,60.470588235294116,9.705882352941176,24.41176470588235,16.735294117647058,22.41176470588235,9.470588235294118,26.558823529411764,16.441176470588236,9.941176470588236,6.264705882352941,4.088235294117647,17.264705882352942
1306,65.41379310344827,22.310344827586206,56.89655172413793,8.03448275862069,24.655172413793103,12.758620689655173,17.344827586206897,10.517241379310345,26.482758620689655,11.482758620689655,11.517241379310345,2.9655172413793105,1.6896551724137931,18.275862068965516
1307,80.24242424242425,26.78787878787879,60.0,10.575757575757576,28.484848484848484,16.09090909090909,20.78787878787879,9.212121212121213,21.939393939393938,15.121212121212121,12.242424242424242,6.9393939393939394,2.727272727272727,20.484848484848484
1308,75.6,28.2,61.766666666666666,7.633333333333334,22.466666666666665,11.566666666666666,18.0,12.6,28.4,13.766666666666667,12.266666666666667,5.533333333333333,3.0,18.166666666666668
1309,67.25,23.642857142857142,53.785714285714285,4.678571428571429,13.464285714285714,15.285714285714286,22.714285714285715,11.392857142857142,22.107142857142858,13.714285714285714,15.285714285714286,7.035714285714286,3.25,19.178571428571427
1310,83.84375,28.6875,64.0625,8.40625,23.03125,18.0625,24.78125,11.9375,26.96875,12.0625,11.25,5.03125,4.40625,17.8125
1311,79.35714285714286,27.75,60.75,7.5,21.535714285714285,16.357142857142858,22.642857142857142,11.107142857142858,25.571428571428573,13.535714285714286,15.464285714285714,8.964285714285714,3.6785714285714284,22.678571428571427
1312,72.60714285714286,25.892857142857142,59.5,7.535714285714286,21.321428571428573,13.285714285714286,19.571428571428573,10.964285714285714,23.678571428571427,12.857142857142858,13.107142857142858,7.892857142857143,2.8214285714285716,18.714285714285715
1313,71.33333333333333,25.6,59.63333333333333,7.7,20.8,12.433333333333334,18.666666666666668,11.8,25.566666666666666,13.466666666666667,15.166666666666666,6.033333333333333,3.2,21.433333333333334
1314,81.97142857142858,29.942857142857143,65.11428571428571,8.285714285714286,22.742857142857144,13.8,18.62857142857143,14.057142857142857,28.428571428571427,18.228571428571428,12.028571428571428,5.6571428571428575,4.257142857142857,15.714285714285714
1315,75.53333333333333,26.6,58.53333333333333,7.466666666666667,21.3,14.866666666666667,20.766666666666666,6.866666666666666,23.366666666666667,12.533333333333333,13.033333333333333,7.766666666666667,1.7,19.1
1316,79.26666666666667,27.933333333333334,61.766666666666666,10.333333333333334,27.533333333333335,13.066666666666666,17.066666666666666,9.033333333333333,25.066666666666666,14.366666666666667,14.566666666666666,4.9,3.6333333333333333,15.266666666666667
1317,70.83333333333333,25.5,58.2,7.6,21.9,12.233333333333333,19.033333333333335,11.166666666666666,25.933333333333334,12.033333333333333,13.6,4.633333333333334,2.6666666666666665,19.4
1318,74.65625,25.9375,53.59375,9.0625,24.3125,13.71875,18.8125,7.71875,24.71875,15.8125,13.625,6.53125,2.46875,17.625
1319,65.03333333333333,21.633333333333333,54.333333333333336,5.566666666666666,18.233333333333334,16.2,23.133333333333333,9.866666666666667,23.3,9.533333333333333,15.6,5.533333333333333,3.2,19.9
1320,63.46666666666667,22.233333333333334,53.13333333333333,7.066666666666666,21.066666666666666,11.933333333333334,16.633333333333333,8.233333333333333,25.566666666666666,10.733333333333333,11.2,4.866666666666666,2.4,15.3
1321,68.3225806451613,24.06451612903226,56.58064516129032,7.870967741935484,22.225806451612904,12.32258064516129,16.483870967741936,9.935483870967742,22.967741935483872,13.741935483870968,11.709677419354838,4.806451612903226,4.225806451612903,18.806451612903224
1322,61.8,23.28,57.24,4.12,14.56,11.12,19.0,12.44,22.12,8.8,17.6,6.0,4.08,19.68
1323,74.78787878787878,26.09090909090909,58.78787878787879,8.484848484848484,23.303030303030305,14.121212121212121,18.606060606060606,10.545454545454545,25.545454545454547,14.363636363636363,9.878787878787879,5.757575757575758,3.484848484848485,12.93939393939394
1324,78.18181818181819,26.78787878787879,59.57575757575758,8.333333333333334,23.696969696969695,16.272727272727273,21.12121212121212,9.909090909090908,26.545454545454547,16.757575757575758,13.181818181818182,6.0606060606060606,5.151515151515151,16.363636363636363
1325,75.63333333333334,27.1,61.0,7.966666666666667,21.433333333333334,13.466666666666667,18.833333333333332,8.333333333333334,27.7,14.433333333333334,13.533333333333333,6.733333333333333,3.3333333333333335,16.466666666666665
1326,75.8125,27.9375,57.5625,6.75,19.125,13.1875,18.15625,9.71875,26.90625,14.75,11.8125,6.03125,4.0,17.4375
1328,85.16129032258064,29.838709677419356,64.29032258064517,9.548387096774194,26.322580645161292,15.935483870967742,21.29032258064516,10.387096774193548,27.870967741935484,15.064516129032258,13.387096774193548,6.580645161290323,4.709677419354839,17.225806451612904
1329,76.42424242424242,26.818181818181817,61.303030303030305,8.212121212121213,23.727272727272727,14.575757575757576,19.12121212121212,12.575757575757576,24.484848484848484,14.212121212121213,13.333333333333334,6.606060606060606,4.03030303030303,19.242424242424242
1330,73.34375,26.375,59.0,7.125,19.96875,13.46875,19.46875,11.71875,26.15625,15.09375,10.40625,7.46875,4.34375,15.90625
1331,71.0,26.857142857142858,61.857142857142854,6.785714285714286,19.821428571428573,10.5,15.035714285714286,13.142857142857142,23.607142857142858,13.857142857142858,13.107142857142858,5.178571428571429,3.2857142857142856,17.892857142857142
1332,77.23529411764706,27.176470588235293,60.14705882352941,9.0,25.558823529411764,13.882352941176471,18.176470588235293,10.441176470588236,24.764705882352942,15.205882352941176,11.882352941176471,6.823529411764706,4.323529411764706,19.823529411764707
1333,73.09375,25.9375,55.59375,6.0,18.21875,15.21875,21.5,10.375,24.5625,14.84375,13.25,6.625,3.625,20.0625
1334,70.16129032258064,24.612903225806452,55.45161290322581,4.612903225806452,14.129032258064516,16.322580645161292,22.483870967741936,10.451612903225806,23.419354838709676,11.935483870967742,11.548387096774194,6.129032258064516,3.935483870967742,18.129032258064516
1335,75.70967741935483,27.0,58.96774193548387,8.548387096774194,24.580645161290324,13.161290322580646,19.838709677419356,8.741935483870968,28.516129032258064,15.0,12.0,5.838709677419355,2.806451612903226,17.483870967741936
1336,74.61764705882354,27.205882352941178,59.088235294117645,7.411764705882353,19.323529411764707,12.794117647058824,18.38235294117647,10.823529411764707,24.852941176470587,13.676470588235293,12.088235294117647,7.411764705882353,5.176470588235294,17.61764705882353
1337,70.19354838709677,25.225806451612904,56.70967741935484,5.741935483870968,16.806451612903224,14.0,19.93548387096774,9.774193548387096,23.483870967741936,13.903225806451612,11.67741935483871,4.741935483870968,2.193548387096774,17.967741935483872
1338,62.03125,21.1875,52.28125,8.0625,24.84375,11.59375,16.6875,7.71875,23.75,12.4375,13.84375,4.3125,3.5,17.375
1339,66.6896551724138,23.137931034482758,53.3448275862069,7.724137931034483,20.17241379310345,12.689655172413794,18.482758620689655,6.241379310344827,23.96551724137931,11.517241379310345,12.379310344827585,5.068965517241379,3.896551724137931,18.551724137931036
1340,82.7,29.166666666666668,67.56666666666666,8.433333333333334,25.3,15.933333333333334,22.666666666666668,14.5,23.233333333333334,14.8,12.566666666666666,8.566666666666666,3.433333333333333,22.466666666666665
1341,74.21212121212122,25.696969696969695,59.78787878787879,7.121212121212121,22.03030303030303,15.696969696969697,23.454545454545453,11.818181818181818,22.757575757575758,12.606060606060606,13.454545454545455,7.515151515151516,3.090909090909091,22.12121212121212
1342,63.310344827586206,22.24137931034483,53.793103448275865,8.275862068965518,23.93103448275862,10.551724137931034,15.068965517241379,8.517241379310345,21.655172413793103,10.931034482758621,12.172413793103448,5.103448275862069,1.9655172413793103,14.689655172413794
1343,72.14285714285714,25.821428571428573,57.107142857142854,9.857142857142858,26.428571428571427,10.642857142857142,14.928571428571429,7.357142857142857,24.5,12.571428571428571,11.214285714285714,4.5,3.142857142857143,17.571428571428573
1344,73.70588235294117,25.647058823529413,58.088235294117645,6.382352941176471,19.147058823529413,16.029411764705884,22.794117647058822,10.705882352941176,25.205882352941178,13.764705882352942,12.470588235294118,6.852941176470588,3.764705882352941,17.676470588235293
1345,81.1470588235294,28.176470588235293,56.705882352941174,9.588235294117647,22.823529411764707,15.205882352941176,20.470588235294116,8.441176470588236,26.58823529411765,16.705882352941178,10.676470588235293,5.823529411764706,5.029411764705882,15.529411764705882
1346,71.63636363636364,23.848484848484848,56.484848484848484,9.181818181818182,27.060606060606062,14.757575757575758,20.90909090909091,10.0,24.606060606060606,12.242424242424242,13.515151515151516,5.515151515151516,2.606060606060606,17.151515151515152
1347,66.9375,23.28125,54.84375,7.65625,21.8125,12.71875,17.34375,10.8125,23.0,11.875,12.0,6.3125,2.90625,16.75
1348,76.1875,28.09375,61.125,6.8125,19.46875,13.1875,18.65625,11.28125,23.125,15.28125,10.75,7.5,3.46875,19.0625
1349,67.34482758620689,22.862068965517242,56.51724137931034,8.551724137931034,26.655172413793103,13.068965517241379,19.862068965517242,10.344827586206897,25.82758620689655,12.241379310344827,14.586206896551724,5.275862068965517,2.103448275862069,16.655172413793103
1350,71.78125,26.34375,57.1875,6.9375,20.75,12.15625,17.0,7.84375,22.53125,15.1875,11.65625,7.625,2.40625,16.1875
1351,81.74193548387096,28.93548387096774,62.193548387096776,7.645161290322581,21.161290322580644,16.225806451612904,26.70967741935484,13.096774193548388,26.322580645161292,14.258064516129032,13.290322580645162,7.580645161290323,3.3870967741935485,19.806451612903224
1352,68.84848484848484,24.060606060606062,58.54545454545455,7.333333333333333,22.09090909090909,13.393939393939394,20.09090909090909,11.878787878787879,23.848484848484848,11.575757575757576,14.848484848484848,7.757575757575758,2.727272727272727,20.09090909090909
1353,64.3030303030303,24.03030303030303,60.03030303030303,4.333333333333333,14.636363636363637,11.909090909090908,18.272727272727273,13.06060606060606,25.0,9.575757575757576,11.575757575757576,6.848484848484849,4.0606060606060606,17.303030303030305
1354,72.06666666666666,25.333333333333332,60.86666666666667,6.2,19.033333333333335,15.2,21.8,11.433333333333334,22.633333333333333,10.233333333333333,13.533333333333333,5.266666666666667,2.2666666666666666,19.0
1355,83.36666666666666,28.1,61.166666666666664,10.433333333333334,26.633333333333333,16.733333333333334,21.9,8.9,29.5,12.8,10.1,4.866666666666666,2.2333333333333334,16.433333333333334
1356,69.96875,25.5,55.125,6.5,18.21875,12.46875,17.875,8.5,24.0,14.09375,12.6875,7.5625,3.4375,17.9375
1357,68.16666666666667,25.366666666666667,58.166666666666664,5.733333333333333,19.166666666666668,11.7,17.466666666666665,11.733333333333333,27.933333333333334,12.8,15.0,4.566666666666666,2.3,18.466666666666665
1358,69.82758620689656,24.551724137931036,57.793103448275865,6.827586206896552,20.379310344827587,13.89655172413793,19.344827586206897,11.89655172413793,24.20689655172414,13.89655172413793,12.96551724137931,5.655172413793103,1.793103448275862,20.137931034482758
1359,76.2,26.7,57.5,9.133333333333333,24.566666666666666,13.666666666666666,17.7,8.2,21.633333333333333,16.1,13.6,6.933333333333334,2.4,16.833333333333332
1360,68.7,22.733333333333334,51.5,8.366666666666667,23.333333333333332,14.866666666666667,20.833333333333332,7.1,25.233333333333334,13.4,12.966666666666667,5.233333333333333,3.8333333333333335,21.133333333333333
1361,77.06451612903226,27.419354838709676,59.87096774193548,7.419354838709677,21.612903225806452,14.806451612903226,20.516129032258064,11.096774193548388,26.387096774193548,14.935483870967742,11.96774193548387,6.161290322580645,3.129032258064516,17.225806451612904
1362,68.375,24.34375,57.75,8.21875,24.59375,11.46875,16.75,10.21875,24.15625,13.09375,11.875,5.53125,3.25,19.5625
1363,64.72413793103448,23.137931034482758,53.51724137931034,5.827586206896552,16.103448275862068,12.620689655172415,18.344827586206897,9.10344827586207,26.17241379310345,12.241379310344827,16.379310344827587,4.310344827586207,2.2413793103448274,19.103448275862068
1364,75.23333333333333,27.0,58.56666666666667,8.1,21.133333333333333,13.133333333333333,18.733333333333334,9.933333333333334,25.8,14.8,10.133333333333333,4.766666666666667,3.6,16.933333333333334
1365,63.96551724137931,22.448275862068964,53.86206896551724,7.448275862068965,22.03448275862069,11.620689655172415,16.275862068965516,8.0,20.482758620689655,12.551724137931034,11.172413793103448,5.482758620689655,2.2758620689655173,16.96551724137931
1366,84.73333333333333,28.866666666666667,72.73333333333333,12.166666666666666,40.3,14.833333333333334,21.333333333333332,12.633333333333333,24.5,15.5,14.066666666666666,9.1,2.7,19.2
1367,74.89285714285714,27.285714285714285,64.53571428571429,10.142857142857142,29.785714285714285,10.178571428571429,13.928571428571429,10.607142857142858,22.357142857142858,13.607142857142858,11.571428571428571,5.714285714285714,2.5357142857142856,17.928571428571427
1368,70.3,25.066666666666666,55.46666666666667,7.2,20.333333333333332,12.966666666666667,19.966666666666665,10.266666666666667,23.366666666666667,14.6,13.433333333333334,6.333333333333333,2.6666666666666665,16.966666666666665
1369,75.55172413793103,25.448275862068964,55.58620689655172,9.482758620689655,24.103448275862068,15.172413793103448,20.96551724137931,8.793103448275861,23.586206896551722,13.517241379310345,12.586206896551724,5.551724137931035,1.6896551724137931,18.103448275862068
1370,73.03333333333333,24.666666666666668,57.43333333333333,9.066666666666666,24.433333333333334,14.633333333333333,19.933333333333334,10.6,26.8,12.7,13.766666666666667,4.466666666666667,3.533333333333333,20.6
1371,79.0,28.5625,60.96875,7.28125,20.0,14.59375,21.0625,12.1875,26.0,15.8125,12.8125,6.28125,3.5,17.75
1372,78.16666666666667,27.433333333333334,58.0,7.033333333333333,18.8,16.266666666666666,23.2,11.266666666666667,23.766666666666666,13.566666666666666,15.166666666666666,9.5,2.966666666666667,21.833333333333332
1373,67.6875,23.5,55.9375,6.875,18.75,13.8125,20.375,11.0625,24.75,11.09375,15.09375,4.78125,3.25,20.03125
1374,69.48484848484848,24.666666666666668,55.60606060606061,8.515151515151516,22.454545454545453,11.636363636363637,16.96969696969697,11.06060606060606,22.545454545454547,14.363636363636363,11.606060606060606,7.393939393939394,3.0,16.272727272727273
1375,68.6,22.966666666666665,55.733333333333334,7.933333333333334,24.566666666666666,14.733333333333333,21.0,9.333333333333334,26.766666666666666,12.033333333333333,14.9,5.233333333333333,3.566666666666667,19.266666666666666
1376,69.96875,22.8125,57.21875,7.25,21.46875,17.09375,24.40625,12.5,24.1875,12.78125,13.8125,5.53125,3.15625,20.0625
1377,79.63333333333334,28.3,60.4,6.866666666666666,19.066666666666666,16.166666666666668,21.4,10.233333333333333,26.533333333333335,12.933333333333334,11.366666666666667,6.8,1.6,17.9
1378,63.3125,22.09375,52.8125,6.46875,17.90625,12.65625,17.5,9.65625,23.625,11.84375,14.03125,5.09375,2.375,17.0625
1379,68.26666666666667,24.733333333333334,56.6,7.5,21.966666666666665,11.3,16.033333333333335,7.0,21.966666666666665,14.066666666666666,9.8,6.633333333333334,1.7333333333333334,15.5
1380,67.38709677419355,22.903225806451612,57.54838709677419,5.193548387096774,15.64516129032258,16.387096774193548,23.870967741935484,12.64516129032258,25.64516129032258,10.774193548387096,13.483870967741936,5.419354838709677,3.7096774193548385,19.0
1381,74.8,25.666666666666668,58.766666666666666,7.933333333333334,22.0,15.533333333333333,21.1,8.066666666666666,25.2,11.633333333333333,12.766666666666667,4.766666666666667,3.0,21.966666666666665
1382,77.90625,26.375,57.84375,7.75,19.46875,17.40625,23.09375,10.34375,25.21875,14.21875,11.46875,6.9375,3.59375,20.03125
1383,71.3103448275862,24.79310344827586,59.86206896551724,8.724137931034482,25.24137931034483,13.0,18.20689655172414,9.827586206896552,22.413793103448278,11.241379310344827,12.620689655172415,7.0344827586206895,2.5172413793103448,21.551724137931036
1384,77.85714285714286,27.357142857142858,58.67857142857143,7.928571428571429,21.5,15.214285714285714,19.642857142857142,8.678571428571429,24.428571428571427,13.035714285714286,11.75,6.5,2.25,15.964285714285714
1385,73.15625,26.1875,60.4375,7.125,21.375,13.65625,18.375,8.6875,24.65625,12.78125,11.90625,8.46875,5.1875,18.78125
1386,74.09375,25.8125,61.03125,7.96875,23.65625,14.5,21.09375,9.03125,28.5,13.96875,9.96875,6.34375,2.84375,15.53125
1387,65.5,22.0625,52.8125,5.59375,17.46875,15.78125,24.1875,11.875,24.09375,11.71875,12.65625,5.90625,4.40625,18.34375
1388,76.96969696969697,28.03030303030303,54.515151515151516,7.7272727272727275,19.12121212121212,13.181818181818182,17.0,7.909090909090909,25.575757575757574,15.606060606060606,9.727272727272727,4.333333333333333,2.757575757575758,15.575757575757576
1389,65.15625,23.15625,55.15625,7.90625,23.4375,10.9375,15.0625,9.125,23.71875,11.8125,13.0625,6.59375,3.1875,18.8125
1390,75.87878787878788,26.393939393939394,56.90909090909091,6.757575757575758,18.03030303030303,16.333333333333332,23.757575757575758,10.969696969696969,27.393939393939394,13.484848484848484,14.848484848484848,5.242424242424242,3.515151515151515,18.12121212121212
1391,73.14285714285714,27.5,63.67857142857143,7.285714285714286,22.142857142857142,10.857142857142858,15.892857142857142,8.892857142857142,24.678571428571427,13.785714285714286,10.928571428571429,7.107142857142857,2.642857142857143,18.892857142857142
1392,67.87096774193549,24.0,58.12903225806452,7.645161290322581,23.70967741935484,12.225806451612904,18.612903225806452,11.451612903225806,24.419354838709676,13.0,13.935483870967742,7.870967741935484,2.935483870967742,20.258064516129032
1393,67.54545454545455,22.757575757575758,54.42424242424242,5.848484848484849,18.181818181818183,16.181818181818183,21.848484848484848,12.090909090909092,25.333333333333332,10.969696969696969,12.575757575757576,7.242424242424242,5.575757575757576,16.303030303030305
1394,67.03846153846153,23.576923076923077,54.53846153846154,5.269230769230769,15.307692307692308,14.615384615384615,20.192307692307693,9.76923076923077,24.192307692307693,10.807692307692308,16.23076923076923,6.3076923076923075,2.923076923076923,21.307692307692307
1395,83.0,30.0,60.15625,8.46875,21.15625,14.53125,20.53125,11.25,25.1875,18.78125,12.6875,6.59375,3.59375,16.90625
1396,70.34375,25.65625,60.375,8.34375,23.625,10.6875,15.46875,10.25,23.78125,12.78125,10.8125,6.6875,3.21875,17.40625
1397,74.21212121212122,25.242424242424242,57.484848484848484,7.848484848484849,20.454545454545453,15.878787878787879,21.0,11.666666666666666,24.484848484848484,15.818181818181818,12.212121212121213,6.303030303030303,4.484848484848484,19.575757575757574
1398,65.64285714285714,21.892857142857142,51.82142857142857,7.285714285714286,21.464285714285715,14.571428571428571,19.607142857142858,8.357142857142858,23.357142857142858,10.678571428571429,14.821428571428571,7.142857142857143,2.5357142857142856,18.892857142857142
1399,71.38709677419355,24.70967741935484,57.70967741935484,7.161290322580645,20.741935483870968,14.806451612903226,21.741935483870968,10.290322580645162,24.612903225806452,13.35483870967742,14.225806451612904,7.354838709677419,3.225806451612903,19.93548387096774
1400,71.72727272727273,25.78787878787879,58.878787878787875,7.090909090909091,22.484848484848484,13.06060606060606,19.545454545454547,10.575757575757576,25.21212121212121,11.575757575757576,11.848484848484848,6.212121212121212,4.96969696969697,16.12121212121212
1401,75.0,27.71875,60.65625,6.59375,20.125,12.96875,19.4375,12.5625,28.78125,15.46875,13.5625,5.59375,5.90625,16.75
1402,64.6774193548387,22.580645161290324,52.903225806451616,6.516129032258065,19.70967741935484,13.0,19.225806451612904,10.64516129032258,22.967741935483872,12.806451612903226,13.580645161290322,4.935483870967742,2.6451612903225805,16.483870967741936
1403,75.24242424242425,26.151515151515152,56.36363636363637,7.03030303030303,19.21212121212121,15.909090909090908,22.696969696969695,11.0,24.939393939393938,14.424242424242424,12.545454545454545,7.393939393939394,4.2727272727272725,18.151515151515152
1404,66.34482758620689,24.93103448275862,56.689655172413794,6.586206896551724,20.448275862068964,9.89655172413793,13.655172413793103,9.655172413793103,24.724137931034484,11.620689655172415,14.689655172413794,6.241379310344827,3.206896551724138,18.551724137931036
1405,79.24242424242425,26.90909090909091,57.39393939393939,9.696969696969697,23.90909090909091,15.727272727272727,21.303030303030305,9.363636363636363,27.303030303030305,15.666666666666666,11.575757575757576,3.606060606060606,3.909090909090909,16.12121212121212
1406,75.56666666666666,27.4,59.2,6.333333333333333,17.933333333333334,14.433333333333334,20.966666666666665,12.166666666666666,25.566666666666666,11.6,12.733333333333333,6.5,4.266666666666667,20.1
1407,73.83870967741936,25.35483870967742,57.903225806451616,8.838709677419354,26.225806451612904,14.290322580645162,19.483870967741936,9.419354838709678,26.161290322580644,13.096774193548388,12.64516129032258,4.967741935483871,3.6129032258064515,17.451612903225808
1408,73.19354838709677,25.806451612903224,57.38709677419355,7.483870967741935,21.387096774193548,14.096774193548388,19.774193548387096,9.548387096774194,24.903225806451612,15.580645161290322,13.193548387096774,5.0,4.064516129032258,18.032258064516128
1409,73.45161290322581,24.322580645161292,55.806451612903224,7.967741935483871,22.903225806451612,16.838709677419356,23.225806451612904,11.161290322580646,26.806451612903224,12.612903225806452,12.870967741935484,4.483870967741935,2.193548387096774,15.96774193548387
1410,74.46666666666667,24.733333333333334,62.3,5.966666666666667,19.7,19.033333333333335,25.833333333333332,11.6,25.233333333333334,14.433333333333334,13.533333333333333,7.7,3.2,22.3
1411,77.6470588235294,25.823529411764707,58.5,7.823529411764706,21.529411764705884,18.176470588235293,25.294117647058822,10.294117647058824,25.88235294117647,12.264705882352942,12.617647058823529,5.588235294117647,3.9411764705882355,17.735294117647058
1412,76.29032258064517,28.580645161290324,58.45161290322581,6.806451612903226,19.548387096774192,12.32258064516129,16.548387096774192,9.870967741935484,27.612903225806452,16.870967741935484,13.225806451612904,5.096774193548387,3.6451612903225805,14.935483870967742
1413,71.8,25.1,54.13333333333333,6.333333333333333,17.233333333333334,15.266666666666667,21.233333333333334,7.966666666666667,24.033333333333335,12.066666666666666,13.1,6.866666666666666,2.2,19.466666666666665
1414,67.78787878787878,24.96969696969697,58.303030303030305,6.151515151515151,18.666666666666668,11.696969696969697,16.454545454545453,11.666666666666666,28.848484848484848,11.848484848484848,14.090909090909092,4.878787878787879,3.787878787878788,20.96969696969697
1415,64.06896551724138,22.551724137931036,56.6551724137931,5.9655172413793105,19.06896551724138,13.0,18.344827586206897,9.758620689655173,24.517241379310345,12.310344827586206,13.89655172413793,5.793103448275862,2.8275862068965516,20.0
1416,62.71875,21.5625,50.84375,5.53125,16.8125,14.0625,21.9375,9.53125,25.09375,10.59375,13.46875,5.28125,3.46875,15.25
1417,81.90625,28.3125,61.375,9.375,24.46875,15.90625,22.03125,10.3125,28.46875,15.0625,11.84375,5.71875,3.90625,17.9375
1418,82.0,27.903225806451612,60.58064516129032,8.516129032258064,23.806451612903224,17.677419354838708,23.322580645161292,12.516129032258064,26.29032258064516,17.548387096774192,13.129032258064516,7.258064516129032,4.32258064516129,18.64516129032258
1419,67.64285714285714,24.178571428571427,57.82142857142857,9.214285714285714,25.607142857142858,10.071428571428571,14.035714285714286,8.821428571428571,24.357142857142858,13.214285714285714,11.821428571428571,5.928571428571429,1.1785714285714286,16.964285714285715
1420,72.48387096774194,25.612903225806452,58.45161290322581,9.838709677419354,25.774193548387096,11.419354838709678,17.580645161290324,9.709677419354838,24.35483870967742,14.870967741935484,11.67741935483871,7.387096774193548,2.5483870967741935,16.516129032258064
1421,73.2258064516129,26.193548387096776,55.25806451612903,7.903225806451613,20.225806451612904,12.935483870967742,17.483870967741936,7.645161290322581,25.0,14.903225806451612,13.516129032258064,7.032258064516129,3.129032258064516,18.548387096774192
1422,72.12903225806451,25.806451612903224,58.903225806451616,9.612903225806452,27.06451612903226,10.903225806451612,15.548387096774194,11.774193548387096,24.806451612903224,13.935483870967742,13.387096774193548,7.387096774193548,3.838709677419355,18.612903225806452
1423,77.86666666666666,28.133333333333333,65.33333333333333,7.633333333333334,22.1,13.966666666666667,20.3,13.766666666666667,25.966666666666665,14.8,12.833333333333334,5.033333333333333,1.9,18.666666666666668
1424,83.42424242424242,29.636363636363637,60.60606060606061,5.606060606060606,16.78787878787879,18.545454545454547,26.303030303030305,11.969696969696969,28.515151515151516,16.21212121212121,14.333333333333334,5.575757575757576,4.424242424242424,17.575757575757574
1425,77.05882352941177,28.029411764705884,59.8235294117647,8.117647058823529,21.676470588235293,12.882352941176471,17.852941176470587,10.088235294117647,24.441176470588236,15.676470588235293,10.558823529411764,6.382352941176471,4.176470588235294,15.941176470588236
1426,77.78787878787878,27.272727272727273,60.333333333333336,8.787878787878787,24.09090909090909,14.454545454545455,21.0,11.151515151515152,27.818181818181817,15.969696969696969,14.878787878787879,6.7272727272727275,4.0606060606060606,18.363636363636363
1427,76.1,26.866666666666667,62.5,9.9,27.833333333333332,12.466666666666667,18.166666666666668,10.566666666666666,27.766666666666666,13.4,12.566666666666666,6.166666666666667,2.3,20.633333333333333
1428,73.5,24.933333333333334,54.63333333333333,9.133333333333333,24.933333333333334,14.5,19.066666666666666,7.866666666666666,25.8,15.433333333333334,12.0,5.266666666666667,3.533333333333333,16.8
1429,72.51515151515152,25.12121212121212,55.878787878787875,9.212121212121213,25.575757575757574,13.06060606060606,18.575757575757574,8.515151515151516,24.545454545454547,13.666666666666666,13.0,4.9393939393939394,2.0,18.303030303030305
1430,76.20689655172414,26.06896551724138,55.55172413793103,7.862068965517241,20.379310344827587,16.20689655172414,21.93103448275862,10.0,26.482758620689655,15.206896551724139,13.89655172413793,5.9655172413793105,4.0344827586206895,17.03448275862069
1431,66.46666666666667,23.9,55.733333333333334,7.133333333333334,21.5,11.533333333333333,17.266666666666666,6.833333333333333,26.233333333333334,10.2,12.333333333333334,4.1,2.7333333333333334,18.766666666666666
1433,75.96969696969697,27.90909090909091,61.0,8.303030303030303,23.575757575757574,11.848484848484848,17.151515151515152,10.363636363636363,26.09090909090909,15.454545454545455,13.515151515151516,6.363636363636363,2.8181818181818183,17.0
1434,69.36666666666666,24.233333333333334,54.3,6.7,19.6,14.2,19.933333333333334,8.833333333333334,25.2,12.433333333333334,14.733333333333333,7.066666666666666,3.2,21.466666666666665
1435,72.375,24.21875,55.46875,9.03125,25.59375,14.90625,20.0625,9.75,23.84375,12.25,11.84375,4.8125,3.375,19.8125
1436,73.72727272727273,24.939393939393938,50.90909090909091,7.454545454545454,18.454545454545453,16.393939393939394,21.78787878787879,7.575757575757576,25.363636363636363,13.151515151515152,11.030303030303031,3.757575757575758,2.5454545454545454,15.212121212121213
1437,87.05882352941177,31.029411764705884,61.529411764705884,11.411764705882353,28.676470588235293,13.588235294117647,17.61764705882353,9.382352941176471,26.205882352941178,16.676470588235293,10.352941176470589,6.676470588235294,3.9705882352941178,15.852941176470589
1438,67.54545454545455,25.0,54.18181818181818,7.363636363636363,18.87878787878788,10.181818181818182,13.424242424242424,8.393939393939394,24.272727272727273,13.727272727272727,8.575757575757576,6.787878787878788,3.727272727272727,14.06060606060606
1439,79.71875,28.15625,56.59375,8.75,22.71875,14.65625,20.65625,7.375,25.625,16.5,11.9375,5.75,2.28125,15.6875
1440,63.67857142857143,22.214285714285715,56.964285714285715,7.607142857142857,23.535714285714285,11.642857142857142,15.785714285714286,9.464285714285714,24.428571428571427,11.607142857142858,14.964285714285714,7.142857142857143,2.8214285714285716,17.857142857142858
1441,66.86666666666666,23.466666666666665,57.666666666666664,7.1,21.533333333333335,12.833333333333334,18.333333333333332,10.9,22.4,12.833333333333334,15.333333333333334,7.666666666666667,2.8333333333333335,18.033333333333335
1442,66.79166666666667,24.333333333333332,55.458333333333336,6.666666666666667,19.083333333333332,11.458333333333334,15.708333333333334,6.0,27.041666666666668,9.416666666666666,13.041666666666666,4.208333333333333,3.7083333333333335,16.458333333333332
1443,78.24242424242425,28.151515151515152,56.81818181818182,5.484848484848484,15.272727272727273,16.454545454545453,23.272727272727273,9.303030303030303,26.151515151515152,13.393939393939394,11.818181818181818,7.151515151515151,3.727272727272727,14.727272727272727
1444,73.7,25.8,59.733333333333334,7.333333333333333,21.266666666666666,14.766666666666667,20.4,10.9,23.9,12.3,10.833333333333334,6.466666666666667,3.1,17.766666666666666
1447,73.56666666666666,25.4,58.8,8.433333333333334,23.0,14.333333333333334,20.4,12.966666666666667,25.133333333333333,13.333333333333334,13.633333333333333,6.233333333333333,3.7,22.3
1448,73.3225806451613,25.838709677419356,58.903225806451616,7.774193548387097,20.774193548387096,13.870967741935484,18.806451612903224,10.870967741935484,24.870967741935484,13.935483870967742,13.129032258064516,5.838709677419355,3.5161290322580645,19.483870967741936
1449,74.28125,26.28125,57.75,6.65625,19.5,15.0625,21.40625,9.78125,23.3125,11.59375,13.375,7.96875,5.0625,18.75
1450,73.2258064516129,25.838709677419356,57.903225806451616,11.0,29.193548387096776,10.548387096774194,14.32258064516129,8.32258064516129,24.161290322580644,14.516129032258064,13.580645161290322,5.290322580645161,2.2903225806451615,17.161290322580644
1451,76.10714285714286,26.357142857142858,54.82142857142857,8.75,21.285714285714285,14.642857142857142,19.25,5.964285714285714,26.75,13.285714285714286,12.285714285714286,4.821428571428571,3.857142857142857,17.571428571428573
1452,79.61764705882354,27.764705882352942,64.0,8.794117647058824,24.91176470588235,15.294117647058824,19.970588235294116,14.0,23.88235294117647,15.058823529411764,11.323529411764707,8.029411764705882,5.264705882352941,21.38235294117647
1453,74.16666666666667,25.166666666666668,61.03333333333333,9.0,24.833333333333332,14.833333333333334,19.733333333333334,9.9,26.333333333333332,13.4,13.8,6.433333333333334,2.9,19.5
1454,68.41935483870968,25.35483870967742,56.87096774193548,7.161290322580645,21.096774193548388,10.548387096774194,15.774193548387096,8.580645161290322,26.096774193548388,13.129032258064516,12.290322580645162,6.064516129032258,3.806451612903226,16.580645161290324
1455,83.0,29.0625,60.75,9.125,23.6875,15.75,21.34375,12.15625,28.34375,18.53125,11.5625,4.6875,3.9375,17.59375
1456,83.0,28.620689655172413,56.827586206896555,10.379310344827585,24.620689655172413,15.379310344827585,18.96551724137931,6.413793103448276,25.482758620689655,16.93103448275862,12.379310344827585,5.344827586206897,3.7241379310344827,17.275862068965516
1457,76.67857142857143,26.5,56.642857142857146,8.964285714285714,24.642857142857142,14.714285714285714,20.285714285714285,8.75,26.142857142857142,13.857142857142858,14.071428571428571,6.428571428571429,4.75,17.428571428571427
1458,66.84848484848484,24.03030303030303,53.63636363636363,6.545454545454546,19.515151515151516,12.242424242424242,17.515151515151516,9.06060606060606,21.484848484848484,12.454545454545455,10.696969696969697,5.454545454545454,3.5454545454545454,16.454545454545453
1459,72.7,25.233333333333334,55.13333333333333,9.933333333333334,24.9,12.3,15.8,7.966666666666667,23.566666666666666,14.166666666666666,12.333333333333334,6.266666666666667,2.6,17.5
1460,71.3125,24.78125,57.53125,6.84375,20.125,14.90625,20.71875,10.125,26.09375,13.21875,13.0625,6.59375,2.28125,16.03125
1461,79.6875,26.3125,59.28125,9.09375,26.625,17.96875,24.40625,7.125,27.53125,15.59375,13.59375,6.5625,3.84375,20.03125
1462,84.27272727272727,28.87878787878788,58.84848484848485,7.818181818181818,21.181818181818183,18.696969696969695,23.666666666666668,9.787878787878787,28.606060606060606,16.636363636363637,12.424242424242424,5.848484848484849,2.9393939393939394,16.939393939393938
1463,73.5,26.266666666666666,57.46666666666667,8.033333333333333,24.4,12.933333333333334,17.833333333333332,8.666666666666666,24.8,15.866666666666667,13.3,6.5,2.9,17.8
1464,72.83333333333333,27.0,64.36666666666666,7.3,21.966666666666665,11.533333333333333,18.266666666666666,13.8,21.6,13.2,14.233333333333333,7.266666666666667,3.7333333333333334,21.133333333333333
